{
    "dataset_size": 4947,
    "rmse": 65277.23687927943,
    "r2": 0.6271654086471102
}